Akt,Erk,Jnk,Mek,P38,PIP2,PIP3,PKA,PKC,Plcg,Raf
17,6.61,40,13.2,44.9,18.3,58.8,414,17,8.82,26.4
32.5,18.6,61.5,16.5,16.5,16.8,8.13,352,3.37,12.3,35.9
32.5,14.9,19.5,44.1,31.9,10.2,13,403,11.4,14.6,59.4
11.8,5.83,23.1,82.8,28.6,13.5,1.29,528,13.7,23.1,73
46.1,21.1,81.3,19.8,25.7,9.73,24.8,305,4.66,5.19,33.7
25.7,11.9,57.8,3.75,49.1,22.1,10.9,610,13.7,17.6,18.8
17.9,8.66,18.1,36.5,35.9,132,16.3,835,15,10.4,44.9
45.3,20.2,20,15,24.4,30.5,17.5,466,6.44,14.6,47.4
23.5,11.5,25.3,61.5,61,21.1,41.8,445,29.2,10.6,104
135,13.2,101,21.5,26.7,205,43.7,213,14.6,1.88,21.1
34.6,21.9,24.1,16.4,44.9,17,11.2,449,20.4,14.5,16.4
36.5,20.9,35.5,22.9,71,15.5,26.2,389,31.9,7.5,74.3
12.2,6.67,118,39.6,44.1,64.9,11.7,528,17.9,8.9,85.1
17.9,17.9,151,29.2,41.4,9.06,15.5,400,14.6,5,36.8
7.23,8.82,7.91,24.1,19.1,16,46.6,500,9.73,10.2,29.2
27.9,18.1,1,13.8,77,13.2,11.3,392,56.2,11.9,50
37.9,9.06,1.42,26.7,65.5,10.9,14.7,89,40,21.3,26.2
31.3,27.6,7.64,38.2,30.8,92.2,22.7,223,16.5,10.5,39.6
36.2,19.1,17.2,19.8,37.2,133,15.7,319,24.1,7.5,30.5
62.1,31.1,22.1,16.5,27.4,141,25.7,710,14.2,13.3,49.1
35.9,12.1,20.9,8.9,28.4,85.8,17.9,843,12,11.3,38.5
23.9,10.2,12.7,17.8,28.4,10.6,4.91,276,13.8,14.5,31.6
50,30.2,4.61,27.9,84.3,137,23.9,965,1,1,41
27.9,9.91,48.3,54.2,93.9,24.4,12.9,449,35.9,15.4,70.4
98.2,59.4,17.8,42.2,46.1,20.9,10.5,1981,35.9,17.6,70.4
38.5,18.8,7.04,1,29.2,181,43.7,644,13.6,8.28,21.5
32.2,17.8,6.98,23.1,23.3,22.1,10.6,466,10.5,18.6,39.2
25,10.4,59.4,20.4,48.3,18.4,6.26,500,22.7,19.8,69.8
51.4,34.3,196,22.3,38.9,50,23.1,308,13.2,17.2,34.9
14.7,5.14,23.1,24.8,41.8,62.6,38.2,673,28.1,13,40.7
49.1,23.9,20.9,15.7,38.5,21.3,7.5,1382,19.5,13.2,45.7
12.5,8.58,28.1,29.2,67.9,17.6,13.1,621,34,14.5,43.7
35.5,10.5,15.3,80.6,40.3,209,19.5,422,26.9,4.41,79.9
22.9,9.22,17.9,17.3,59.9,18.1,12.7,552,38.5,21.7,56.7
33.7,19.1,20.7,19.5,31.9,41.4,2.21,325,22.9,2.57,58.8
37.9,20.2,20.9,12.7,38.5,12.4,30.8,403,22.5,10.9,53.8
48.7,36.2,12.6,23.1,28.9,79.1,24.4,429,14.7,18.9,58.3
12.4,4.96,83.5,28.1,31.3,115,16.1,1241,2.46,7.1,160
27.6,4.29,139,9.39,80.6,53.8,27.6,599,38.2,12.2,45.3
59.9,38.5,13.5,28.4,23.7,9.39,20.7,898,12.7,8.35,54.7
14.2,13.6,43.3,26.9,8.98,47.8,22.9,396,4.74,25.3,85.1
42.6,27.1,17.8,43.7,37.9,343,60.4,319,14.9,9.47,109
18.9,2.69,221,15.3,40.3,120,23.7,10.2,4.96,1,25.7
24.8,14.7,7.7,28.1,20,28.9,13.8,382,15.3,27.6,50.5
13.3,2.71,105,17.8,20,62.1,23.1,562,4.45,17.8,69.2
24.8,4.49,22.5,19.3,48.7,20.9,39.2,474,23.5,8.51,62.6
38.5,17.8,40,43.7,66.7,19.3,15.8,1433,31.9,11.4,67.9
36.2,21.9,17,57.8,46.1,15.4,24.6,233,21.3,4.91,75
36.2,6.26,108,42.2,32.8,122,48.3,1027,12.5,7.57,50.9
24.1,8.82,6.15,20.4,34.9,22.5,20,466,19.1,24.1,79.9
75.7,39.2,11.7,21.7,22.7,22.1,3.82,1310,8.74,21.9,62.6
15.4,9.06,173,25.3,26.9,76.4,17.2,673,4.66,6.38,50.9
35.5,25.3,10.1,30.5,43.7,51.4,42.2,466,20.4,13.6,75
12.4,3.62,10.5,25.3,32.5,20.7,27.9,29.7,17.2,11.7,59.4
13.1,6.38,17.6,37.9,38.2,292,49.6,573,20.9,1,181
27.1,4.07,32.5,33.1,121,67.3,1.91,973,85.8,12.7,69.8
13.5,5.83,71.7,19.1,80.6,42.2,6.61,547,44.9,11.1,57.3
37.5,23.5,95.6,30.5,16.7,18.6,6.92,418,6.55,13.9,82.8
45.7,21.9,11.9,24.6,23.3,35.5,11.9,322,6.79,15.7,35.5
20.7,2.84,17.5,27.9,33.1,42.6,17.3,188,20.7,17.9,80.6
21.5,13.1,9.39,45.7,20,154,58.3,337,5.47,10.8,113
355,181,20.7,10.1,42.2,89,29.4,1731,24.1,10.3,8.9
22.5,12.9,9.47,14.1,47.4,20.2,32.2,583,37.5,7.1,35.2
16.5,9.14,80.6,12.3,59.9,62.6,26.7,547,25.7,12.7,24.1
24.1,16.3,12.4,33.1,35.5,28.6,13.7,319,22.5,5.78,164
34.6,25.9,78.4,27.1,27.1,57.3,19.5,382,3.05,15.5,57.8
18.9,10.9,80.6,27.4,42.9,97.3,71,429,4.45,40,90.6
10.8,4.22,3.43,12.7,7.37,22.7,23.7,578,1.86,4.37,38.5
25.9,12.7,64.9,36.8,14.9,40.3,21.7,667,2.5,12.7,51.4
38.5,20.4,15.4,15.1,24.4,20.5,8.43,437,11.7,18.6,26.9
19.8,14.1,75.7,21.1,39.6,21.1,57.8,474,25.9,12.7,56.2
31.6,18.8,6.67,35.5,22.3,45.7,47.8,418,10,18.4,70.4
33.7,18.4,10.4,35.2,19.8,16.5,24.1,362,16.3,12.2,58.8
18.6,8.51,27.6,35.5,31.1,50,19.8,151,12,17.3,69.2
51.4,32.8,16.4,47,47.8,276,77,799,19.6,25.5,69.8
23.1,6.85,4.66,59.9,48.3,19.6,15.1,1065,1.67,20,105
37.9,14.3,91.4,51.9,25,30.2,10.6,692,6.49,13.6,62.1
27.6,19.8,7.64,33.4,31.1,31.6,1,505,18.6,1,75
22.9,9.14,6.85,15.1,22.7,101,35.9,400,11.7,7.99,20.4
35.2,17.9,20,19.6,43.3,33.1,82,956,22.5,17.5,47.8
37.9,11.1,16.8,53.3,29.4,77.7,12.9,1407,18.8,11.8,59.9
38.2,21.5,12,27.1,31.3,109,21.9,207,11,12.4,46.6
200,58.8,15.7,21.3,39.2,58.8,10.8,3051,15.3,49.1,51.9
15,6.73,8.2,23.9,68.5,12.7,4.61,562,1,15.1,31.9
46.1,28.1,71,27.4,6.98,138,30.8,906,2.69,67.3,93.9
35.2,19.6,7.91,23.3,20,12.6,9.06,806,2.37,15.3,64.9
26.2,8.58,9.91,123,12,34.6,63.8,470,1,12,153
64.9,44.9,30.5,12.4,36.2,235,34.9,1843,23.5,7.04,16.7
31.3,12.2,49.1,25.5,16.4,12,43.3,655,7.7,13.1,71.7
22.7,13,16.3,23.7,33.4,4.26,12.9,470,7.77,2.89,35.5
19.5,3.46,6.1,61.5,2.69,34.6,12.3,239,2.53,13,83.5
16,16.8,54.2,8.82,48.7,154,56.7,433,9.56,12.9,31.9
150,89,49.1,20.2,15.4,125,27.4,799,2.71,7.7,29.4
38.2,29.2,17.2,325,36.5,25.7,10.7,313,10.8,17.6,302
29.7,19.3,89,16.5,15.3,505,67.3,483,2.92,11.5,40.3
47,6.38,7.7,15.4,24.6,23.1,71,557,20,9.73,29.2
35.9,16.8,95.6,25.7,39.2,24.4,37.2,375,5.47,12.7,46.1
23.9,7.23,93.1,21.5,25,155,67.9,820,3.59,27.1,52.3
25.9,6.1,15.3,36.5,22.7,10.6,13.9,1009,10.2,18.6,48.7
10.9,6.61,5.42,82,21.9,325,79.1,723,12.1,120,85.8
28.4,8.28,13.7,25.9,36.8,64.4,45.3,583,15.7,21.5,75.7
17.2,5.47,15.5,21.9,21.5,18.4,30.2,982,16.3,14.9,58.3
27.9,22.5,48.7,34.9,18.4,82.8,38.2,379,6.55,13.3,58.8
16.7,10.8,7.77,27.6,29.7,67.9,30.5,403,17.8,28.4,112
32.2,22.9,17.6,29.2,30.8,10.9,32.2,379,14.3,2.39,66.7
38.2,22.7,10.5,23.9,20,137,20.4,313,16.1,6.61,39.6
34.6,15.8,13.9,15.5,28.6,8.35,40,281,21.3,2.55,36.5
36.5,24.1,16.3,25.7,67.9,59.4,138,331,38.5,32.2,38.2
61,13.3,64.4,21.3,17.3,7.91,32.5,858,2.81,9.39,41.8
34.6,17,72.3,18.1,13.5,113,25.5,604,4.26,24.8,62.1
89,28.4,12.9,79.1,29.2,111,20.2,1472,20.4,9.65,167
17.6,7.5,9.73,28.6,4.45,51.9,64.9,271,2.21,25.9,55.7
17.8,8.9,42.2,71.7,25,93.1,36.5,906,9.06,12.9,84.3
64.9,44.5,17.5,25.3,49.6,27.4,44.5,1197,20.9,19.1,60.4
12.9,5.83,14.9,21.9,21.5,38.5,81.3,274,16,38.2,57.3
14.3,5.47,7.43,32.8,27.4,60.4,49.6,87.4,11.1,30,76.4
32.2,19.5,26.9,119,75,71,13.9,500,50.9,15.5,96.5
21.3,10.6,34.9,17.8,20.4,115,61,965,5,32.2,38.5
17.8,15.7,14.9,46.6,13.8,19.6,75.7,519,12,7.7,66.1
32.2,10.6,12,79.1,31.1,15,35.9,382,14.9,7.37,112
11.4,3.49,93.9,22.3,13.9,73,24.1,340,5.62,12.2,47
33.1,15.8,25,54.7,40.7,8.58,24.8,757,24.6,19.6,87.4
57.3,18.8,24.4,19.1,8.35,19.1,11.3,743,8.66,22.9,57.8
29.4,13.6,7.99,31.1,17.6,22.3,34.3,385,7.23,18.9,92.2
24.8,20.4,122,28.9,20.2,11.4,23.1,319,4.14,9.56,93.1
28.1,18.8,97.3,36.8,25.5,38.9,29.2,276,1.83,16,107
5.88,5.28,24.4,56.7,5.57,27.6,4.03,491,3.52,16.1,80.6
26.2,14.2,33.7,25.3,16.1,158,12.3,514,6.55,1,44.9
54.7,18.6,88.2,18.8,19.8,13.2,9.73,286,1.88,9.65,27.4
25.7,14.1,48.3,25.7,28.4,35.2,25.7,284,20.4,24.6,31.6
42.9,30.5,20.4,33.4,68.5,25.5,5.73,305,34.9,8.13,52.3
27.4,14.1,53.8,27.4,20.2,18.3,23.1,649,3.82,8.82,71.7
16,4.53,77,26.9,32.5,87.4,12.5,379,3.68,15.5,44.5
15.1,6.26,6.55,27.4,24.6,22.7,2,457,13.6,16.4,74.3
30.2,22.3,23.7,20.2,40,17.8,39.2,487,30.5,13.9,44.1
36.8,13.1,65.5,22.9,24.4,17.8,21.9,710,12.6,17.3,42.9
20.4,8.06,63.2,26.4,16,3.96,41.4,509,3.68,1.19,79.1
97.3,52.8,8.28,30,94.7,47,7.37,2288,69.8,44.9,89
38.2,15.1,13.1,27.4,32.8,80.6,41,453,13.6,14.5,63.2
21.3,6.98,23.1,20.7,44.5,70.4,42.2,313,24.8,25.3,27.9
28.1,20.7,9.73,22.9,25.3,17.5,9.73,255,13,19.3,69.8
23.5,13,35.9,15.7,53.8,37.9,49.1,509,22.1,22.7,28.9
25,20.2,87.4,30.8,26.9,82,49.1,343,3.96,7.17,102
36.5,22.5,77.7,25.3,14.5,61.5,26.2,239,2.74,14.9,59.4
37.5,25,24.1,31.3,60.4,22.5,8.74,426,29.7,18.8,89.8
35.5,21.7,95.6,33.1,14.2,56.2,16.1,305,4.26,19.5,200
20.7,4.49,57.3,18.1,125,149,62.1,698,44.1,14.9,62.1
19.5,15,11.8,23.7,31.6,276,41.4,334,16.7,17.9,46.1
69.2,29.2,30,85.1,46.6,7.99,17.8,1208,26.4,8.43,149
61.5,40.3,12,15.5,25.7,153,16,1582,12.2,7.91,8.9
23.1,12.3,15.1,40,30.8,24.4,73,487,17.9,9.82,109
34.9,8.13,1.01,42.9,33.4,23.9,10.5,2571,1,31.1,71.7
17.2,5.94,17.8,24.4,38.5,47.8,13.9,649,18.6,16.3,68.5
82.8,39.2,35.9,44.1,51.4,89.8,28.1,632,20.4,4.45,79.9
86.6,44.1,16.7,34.9,41.8,325,23.5,799,23.9,1,85.1
25.3,22.9,2.81,163,6.61,311,59.9,470,2.15,3.85,196
42.6,29.4,19.3,17.3,37.5,26.4,10.9,322,23.3,25.7,38.5
30,22.5,20.9,50.9,54.7,12.4,3.11,573,25,12.7,64.4
25.3,19.6,9.82,22.7,36.2,101,31.3,352,13.9,17.5,97.3
53.3,27.4,20.4,28.4,66.1,6.73,66.7,1655,40,7.3,79.1
108,70.4,14.2,24.8,31.9,61,16.1,1018,15.4,1.35,106
34,19.3,118,30.8,29.4,141,12.1,297,6.15,8.51,76.4
27.4,6.61,67.3,30.8,30.2,41,30.8,1094,11.5,21.5,108
30.8,3.79,70.4,34.6,16.4,41,56.2,965,3.43,18.3,53.3
21.3,14.7,16.5,19.3,36.2,106,23.7,519,14.9,24.4,27.9
45.3,18.9,74.3,26.2,9.47,20.4,17,533,2.41,21.9,69.8
23.7,8.82,66.7,5.88,18.1,119,14.1,445,3,17.8,7.23
28.1,17.6,59.4,18.8,21.9,29.4,15,470,1.88,14.9,49.1
10.3,3.79,271,15.7,44.9,62.6,16.5,552,6.98,53.3,42.6
13.6,3.59,2.89,22.9,28.1,10.9,46.1,874,12.5,9.22,16.5
11.1,7.99,58.8,61,11.4,13,27.9,215,5.14,17.9,101
24.8,8.82,3.85,21.9,44.9,17.2,13.3,965,9.22,11.5,59.9
65.5,36.8,11,46.1,33.4,104,13.3,914,13.7,11.3,102
19.5,11.3,138,101,29.2,422,101,649,8.43,26.9,142
33.1,14.9,154,17.2,20.9,10.1,16.7,542,11.1,17.8,61.5
18.1,11.7,67.9,20.4,17.5,35.2,32.5,599,1.63,15.5,54.7
28.9,11.7,23.3,19.5,39.6,13.6,24.8,509,18.3,4.78,50.5
59.4,34,50.9,13.3,63.2,38.2,98.2,704,32.8,26.7,34
24.4,8.58,64.9,19.5,20.4,43.7,44.9,466,1.6,32.8,48.7
24.6,4.53,51.9,25.3,18.8,145,21.1,255,4.83,12.3,70.4
16,8.43,93.9,19.1,23.5,94.7,17.2,244,3.08,6.32,45.7
164,66.7,18.3,33.1,29.7,27.4,46.6,3220,17.8,25.3,78.4
36.5,23.7,18.9,11.4,23.1,94.7,117,355,9.82,32.5,17.6
71.7,15.4,57.3,26.4,22.1,21.5,8.13,610,2.07,15.1,29.4
13.9,4.41,13.2,21.1,31.3,38.2,50,461,20.5,7.64,63.8
10.1,10.8,12.1,155,39.2,32.8,22.3,362,19.6,28.6,227
23.1,7.7,1.11,29.7,25.3,33.4,8.58,1252,12.6,13.7,64.4
17.9,14.3,33.1,15.3,38.9,71,31.6,505,18.9,19.5,57.8
33.1,21.5,12.5,23.7,43.7,178,31.6,255,28.1,13.5,75
17.8,6.85,63.8,25,16,109,16.3,445,3.85,52.3,48.7
25.7,9.56,79.9,53.3,19.6,32.5,3.72,1346,1.42,27.4,61
22.3,3.85,73,46.1,32.5,15.5,31.6,5.57,6.15,16.1,96.5
18.6,11.5,7.3,26.2,24.1,93.9,14.9,474,16.4,12.5,54.7
11.1,4.33,13.3,39.2,36.5,75,14.1,562,18.3,66.1,118
37.9,12.2,23.1,56.2,47,39.2,16.1,1000,17.3,29.7,96.5
42.9,23.1,18.6,52.8,37.9,18.9,3.85,710,21.1,24.4,89
33.7,19.1,46.6,38.5,138,48.3,75,308,89,21.5,25.3
118,53.3,30.5,46.1,12.9,51.4,14.5,882,3.34,20.9,96.5
24.1,21.5,13.6,34.9,21.3,133,30,403,9.56,18.1,62.6
19.3,13.3,29.4,20,31.9,75.7,63.2,400,19.3,47.4,18.3
31.1,18.8,138,32.5,33.1,17,12.7,334,5.88,12.9,65.5
47,38.5,56.2,41,23.1,32.2,27.4,777,6.38,14.9,85.1
9.91,4.91,98.2,25,25.9,26.2,42.6,385,5.42,36.5,79.9
40.3,19.1,24.4,20.2,32.5,26.9,23.9,422,22.9,8.2,42.2
6.55,10.9,21.9,19.1,43.7,68.5,28.6,267,20.5,10.2,61
26.4,17.2,23.7,10.9,47,155,21.3,389,17.3,6.1,17.5
19.8,9.73,15.4,22.3,34.6,63.8,126,552,20.9,33.4,36.5
32.8,19.1,108,14.9,15.5,167,31.3,286,5.19,21.7,14.6
36.2,21.5,14.9,24.4,35.2,26.9,8.58,284,17,25.7,17.3
53.8,26.9,20.5,10.9,38.9,127,29.7,337,25.9,65.5,63.2
117,15.5,10.7,16,46.1,157,48.3,1499,28.9,12.5,35.2
12.4,5.57,18.8,27.6,37.2,173,37.2,604,15.8,14.5,57.3
30,16.7,17.3,15.5,20.5,114,15.8,1000,13.6,15,24.4
42.9,29.2,9.06,40.7,24.1,135,27.9,385,14.3,14.6,69.8
33.1,10.6,4.26,35.9,28.9,53.8,75,1382,10.6,44.9,74.3
72.3,49.6,17.9,35.5,32.5,88.2,16.8,730,17.2,16.5,101
34.3,23.9,8.66,17.2,13.2,21.1,12.7,379,1,22.1,41.4
12.3,5.28,31.9,66.1,63.2,17.2,32.8,158,25.7,11.4,82
31.3,19.5,3.49,38.2,30.5,10.3,2.48,382,18.8,18.8,86.6
86.6,17.3,15.8,7.23,38.2,155,13.5,195,20.5,20.7,14.1
83.5,38.2,15,52.3,41,14.5,49.1,750,25.5,2.81,89.8
27.1,11.3,68.5,41.4,14.6,178,48.3,528,3.82,27.6,97.3
39.2,17.5,10.2,13.7,30.2,34.9,35.5,505,13.9,11,26.9
13.7,3.31,55.2,21.3,1.53,20.7,15.5,407,1.78,13.7,89
35.9,21.7,11.3,23.9,36.5,12.6,20,269,24.4,17.6,66.1
8.13,7.64,87.4,53.3,40.3,382,87.4,305,6.49,25.3,129
12.1,7.23,17.8,19.3,47,85.8,46.1,599,21.9,37.5,39.2
41,29.7,26.4,18.6,11.9,12,36.2,346,5.78,4.03,25
22.9,5.33,21.1,19.3,40,98.2,29.7,365,23.3,7.17,45.7
21.5,14.9,1.57,20.5,89,57.3,12.1,422,1,25,62.1
20.5,4.83,17.8,32.5,37.5,83.5,131,25.3,23.9,20.2,71
113,14.7,9.22,31.6,28.6,11.3,14.9,181,17.5,6.67,50
18.3,8.58,104,31.6,33.4,12.9,21.7,523,10.1,4.41,102
17.5,6.44,4.53,24.6,9.82,16.5,3.11,542,3.49,11.2,63.2
18.4,13.3,58.8,66.1,18.9,87.4,20.4,359,1,14.5,233
80.6,42.6,11.3,24.1,35.9,36.8,17.5,1075,11.8,18.9,38.9
22.7,12,15.4,44.1,50.5,23.1,16.1,547,22.9,6.04,98.2
26.7,22.7,71.7,24.6,39.6,6.49,26.2,219,10.7,8.66,38.9
47.8,26.2,9.65,29.4,13.8,22.7,13.9,311,10.8,22.5,87.4
15.5,6.26,12.7,21.5,28.9,71.7,2.27,418,14.7,1,75.7
15.1,7.77,18.6,18.9,32.8,80.6,23.7,396,20,15.7,79.9
57.3,43.7,98.2,19.5,38.9,54.7,47.4,661,11.2,19.3,52.8
109,70.4,91.4,17,25.9,35.2,12.9,1358,9.73,33.7,63.8
21.1,7.84,69.8,44.9,12.4,17.6,45.7,500,4.53,7.99,107
59.4,31.1,18.4,18.4,51.9,76.4,16.3,667,18.4,17,59.4
36.2,16,167,74.3,27.9,61.5,24.8,542,7.7,48.7,106
16.7,7.99,14.3,40.7,43.3,16.8,14.5,655,24.8,11.7,71
11.1,4.29,29.2,13.1,27.9,24.4,17,392,12.3,23.7,21.5
54.2,29.4,8.9,51.4,26.7,120,31.6,1762,19.1,33.7,149
36.5,17.9,57.3,12.3,21.1,112,18.1,346,5,17.8,25.9
34.9,13.3,16.1,48.3,31.1,30,35.2,349,13.7,12.3,64.4
22.9,15.3,68.5,11.3,10.4,16.4,37.9,414,4.14,15.5,36.2
50,30.2,10.3,26.7,22.3,44.5,4.49,302,17.9,12.9,51.9
29.4,11.8,89.8,7.57,17.2,308,38.2,355,8.13,9.65,21.7
40,23.5,13,35.9,24.6,14.3,13,300,13.2,17.6,93.9
32.5,24.4,16.4,20.5,41.4,88.2,30,414,25.3,13.6,56.7
29.2,13.2,29.2,16.1,49.6,75,14.3,466,24.8,11,66.1
50.5,29.7,13.2,17,52.8,99.1,50,1346,25.3,11.2,27.6
39.2,25.3,20.9,33.4,33.7,19.8,10.1,400,25.7,21.7,49.1
45.3,5.99,41,51.9,10.3,21.7,45.3,49.1,7.77,12.3,157
25,16.1,262,33.4,24.1,16.3,17.5,466,9.47,13.5,124
13.9,2.53,89,16.4,58.8,39.2,6.85,239,4.07,34.6,37.9
22.9,12.3,106,25.5,23.5,15.1,13.3,474,2.05,22.1,45.3
53.3,40.3,13.2,86.6,38.5,53.8,15.4,316,18.9,33.1,163
4.29,5,28.6,33.7,45.3,37.2,44.9,400,24.6,8.58,62.6
21.9,6.04,14.2,15.3,61,43.7,13.3,1037,30.8,43.7,26.4
32.2,11.9,20.7,29.7,43.7,85.1,88.2,1446,19.5,13.3,52.3
248,181,22.1,24.8,34,25,4.53,621,15.3,21.5,81.3
45.3,26.4,10.4,38.2,48.7,281,64.4,496,26.2,5,95.6
71,30,12.6,29.4,22.1,117,17.3,828,8.82,5.05,79.9
14.7,10.4,8.35,14.6,26.4,121,30.8,717,16,15.1,17.3
35.5,15.5,77,37.9,17.6,73.7,36.2,1219,1.98,42.6,51.4
41.8,29.4,16,7.3,42.9,17,17.5,470,27.4,3.13,38.5
62.6,36.8,23.7,53.3,23.5,13.6,42.6,1000,12.4,3.65,52.8
27.1,10.5,33.4,40.3,50,38.2,1.49,1009,29.7,17,91.4
42.9,17.9,66.7,14.2,24.8,32.8,12.1,487,2.11,13.3,37.9
97.3,55.7,58.3,18.8,30.8,32.5,13.6,2618,10.1,7.5,55.2
57.3,21.1,8.43,24.8,58.3,178,45.3,982,1,15.5,44.5
36.8,19.1,22.3,30,53.3,17.3,13.7,349,17,20.4,70.4
87.4,33.1,96.5,30.5,36.8,21.7,31.6,400,3.89,19.8,47.4
26.2,20.5,80.6,21.7,19.8,184,36.2,359,3.96,22.7,63.8
8.51,1.5,13.5,42.9,36.2,29.2,27.4,154,20.7,12.1,23.5
297,133,4.14,15.1,19.6,93.9,7.7,1094,9.39,22.1,5.23
29.4,16,16,15.4,48.3,117,3.49,457,20.4,1,14.5
30,20,85.8,9.47,26.2,12.6,15.8,271,12.1,12.2,36.8
9.22,6.98,20.9,25.3,23.3,12.9,17.3,352,12.6,17.6,97.3
64.4,43.3,67.3,12.1,15.4,149,39.6,1027,9.56,67.3,16.3
43.3,32.5,3.68,31.3,59.4,184,58.8,286,1,33.1,44.5
36.8,22.1,94.7,53.3,15.1,97.3,37.5,331,5.42,17.5,67.9
165,79.9,7.57,28.1,17,81.3,18.1,2129,8.58,18.9,59.4
32.2,15.3,9.22,17.2,18.8,24.1,36.8,313,9.91,21.5,25.9
75.7,40,14.7,32.8,33.7,98.2,19.5,365,19.3,11.3,40
25,12.7,9.56,24.8,20.5,337,60.4,496,9.91,17,60.4
91.4,57.8,59.9,24.6,23.3,136,30,1526,1.54,17,50.5
21.9,10.6,15,18.8,26.7,191,13,466,13.7,6.15,31.1
19.3,12.7,10.9,17.9,24.8,15.1,29.2,331,18.8,17.5,11.2
235,92.2,18.4,28.4,19.3,14.2,24.4,1670,8.06,23.1,39.2
23.3,7.3,35.5,27.1,21.3,37.2,25.7,1075,7.04,18.4,72.3
50,31.3,9.65,16.1,20.2,379,78.4,343,14.1,25,62.1
14.1,3.37,28.1,12.9,59.4,32.8,19.6,385,31.9,30.5,12.7
129,67.3,7.77,17.9,31.6,11.1,3.02,737,17,7.5,49.6
22.5,5.73,12.4,22.7,32.5,125,10.3,418,17.3,13.1,62.6
22.9,11,85.8,5.33,21.1,49.1,12.9,483,2.35,23.9,10.8
17.2,4.26,92.2,26.4,14.7,36.5,50,70.4,3,13.5,74.3
19.1,16.5,3,21.7,44.9,213,23.5,429,1.67,6.79,73
11,8.58,62.6,6.38,13.8,145,33.4,305,1.6,16.7,10.9
23.9,11.5,14.2,18.9,25.3,123,11.9,422,11.2,11,55.2
30.2,5.67,14.6,13.9,39.6,13.5,15.5,538,17.9,18.4,56.7
31.9,24.6,21.5,61.5,35.2,165,34.6,433,19.5,11.8,97.3
30,3.55,157,19.5,44.5,47,85.8,1124,17.5,19.3,45.3
46.1,19.5,122,16.5,27.6,89.8,47,407,11.1,17,45.3
38.5,21.5,3.75,271,35.5,34,38.9,449,2.59,17.8,248
33.4,20.5,13.9,34,32.2,164,35.9,313,14.1,19.8,58.3
10.8,4.1,25.9,46.1,53.8,133,9.22,552,26.9,10.8,112
35.5,12.9,1.19,15,25.7,153,35.2,457,11.2,17.9,16
50.5,31.1,1,31.6,35.9,13.5,17.2,294,16.1,26.7,67.3
28.9,11,8.35,15.8,7.91,22.9,17.3,311,3.75,16.5,39.2
33.1,27.1,57.8,24.4,13.6,63.8,26.2,392,2.97,20.7,68.5
143,95.6,16.7,40,47.4,196,25.9,1700,16.8,6.44,59.9
36.2,12.7,55.7,67.3,136,58.8,119,429,38.2,36.5,88.2
34.9,21.1,73.7,11.2,17.2,154,64.4,239,5.38,42.2,13.1
12,3.92,12,50.5,29.4,76.4,30,343,13.6,14.6,99.1
17.2,17.6,21.9,18.6,44.1,55.7,21.1,449,29.2,22.7,53.3
17.9,6.98,123,50,23.5,29.2,14.5,281,4.18,8.28,137
18.9,3.92,126,19.8,21.7,89.8,47.8,661,4.29,19.8,44.5
17,7.23,26.2,85.8,21.1,73,34.9,322,12.7,20,255
6.04,3,7.43,25,18.1,98.2,35.2,27.6,5.57,31.3,55.2
32.5,9.31,33.7,34.6,73,17.2,10.8,1286,36.5,13.9,74.3
27.9,12.2,98.2,49.1,22.1,396,33.1,547,2.39,1,117
19.3,15.8,27.4,26.4,54.7,69.8,13,231,35.5,13.2,44.5
22.3,10.3,1.73,54.7,27.4,176,33.7,426,27.1,20.5,87.4
21.5,9.06,95.6,14.9,23.3,12.9,15.5,528,9.91,13.7,32.2
31.6,24.1,18.4,14.5,34.3,17.3,13.2,300,12.2,26.9,37.2
40.3,22.7,200,24.4,74.3,137,50.9,496,42.6,68.5,50.9
47,26.7,19.1,20.4,53.8,33.1,38.9,340,32.8,35.2,29.4
17,3.79,92.2,7.43,31.3,110,48.7,483,7.04,15.5,48.3
106,68.5,26.9,34.9,40.3,11.3,26.2,615,15.1,5.94,64.9
55.2,33.4,21.5,23.9,37.2,18.8,5.83,806,15.3,23.7,32.8
37.9,22.9,27.9,17,71.7,47.8,8.2,257,50.9,51.9,26.4
24.6,13.2,23.5,34,41.4,71.7,17.6,264,18.1,24.1,69.8
14.9,10.6,10.5,18.3,25.9,18.4,64.4,429,16.1,8.66,45.7
29.4,24.1,18.4,37.2,19.1,97.3,30.2,313,16,19.1,131
30.5,18.3,19.6,38.2,28.1,24.1,32.2,685,12.1,9.14,106
23.7,10.7,59.9,28.1,30.8,145,16.5,573,4.18,16.4,68.5
21.5,6.79,33.7,26.7,23.3,83.5,1.64,346,4.18,10.1,59.4
57.3,10.8,15.3,17,50,71,44.5,538,26.9,42.2,47
105,37.9,19.8,35.9,30.5,30.8,15.4,1625,21.7,9.14,56.7
60.4,36.2,90.6,12.6,15.8,31.3,45.3,835,4.18,21.1,28.4
21.1,2.71,90.6,19.1,14.3,66.1,60.4,599,3.19,28.6,35.2
29.2,7.77,11.5,24.1,30.5,257,75.7,956,10.8,17.8,47
113,21.1,13.3,18.9,56.2,15.4,9.31,1104,23.7,20.5,63.2
18.4,5.05,8.28,21.1,12.4,209,24.8,583,2.79,6.04,62.6
14.2,6.1,10.6,11.7,30.2,38.9,63.2,355,10.7,24.8,14.2
18.4,12.1,217,20.7,53.3,15.3,1.43,509,9.65,16.4,53.8
24.1,6.85,14.1,27.6,61.5,82,18.6,359,1.1,17.5,68.5
33.4,8.66,78.4,64.4,31.9,53.8,28.6,2480,2.97,10.5,119
34,6.79,11.1,11.1,22.3,18.6,66.7,698,13.3,14.9,41.8
20.9,2.59,9.91,21.7,27.4,48.7,42.9,414,13.9,15,44.9
13.7,3.68,18.3,38.9,40,547,11.2,343,15.3,1,72.3
12.7,8.66,137,34.6,63.8,1.11,764,219,24.6,2.89,53.3
24.6,7.57,16.3,18.9,23.7,130,31.3,523,9.47,87.4,31.9
30.5,21.1,32.5,59.4,21.1,284,23.1,305,7.1,10.8,117
11.5,3.08,57.3,32.8,31.6,137,37.5,649,2.33,26.9,45.3
16.7,10.1,25.7,30,96.5,16.7,14.2,262,32.5,12.9,46.6
16.5,13.2,17.8,8.9,26.4,379,75,514,19.5,163,30.5
22.9,6.26,83.5,12,15.4,28.9,35.9,24.4,2.79,11.1,41.8
15.3,14.9,122,38.2,30.5,244,73.7,466,5.28,37.5,102
209,115,12.4,26.2,18.1,168,43.3,791,20,23.7,33.1
19.1,7.77,82.8,33.4,17.5,21.3,15.5,441,2.35,15.7,44.1
23.7,21.9,10.7,14.9,17.9,17.8,14.1,294,8.28,18.9,15.3
17.9,5.94,32.8,31.3,46.6,73.7,10.8,441,22.3,9.65,85.8
33.1,21.9,9.22,27.1,33.7,22.5,22.5,509,21.1,22.7,32.5
28.9,12.1,15,19.3,27.6,50,28.4,294,16.1,36.2,54.7
5.67,1.73,11.5,23.7,42.6,19.8,13.7,16.8,23.5,14.3,40
5.42,3.34,66.1,16.5,47,32.2,9.47,257,26.9,15.5,36.5
64.9,29.4,21.3,50,22.1,95.6,71.7,453,12.3,34.3,52.8
50,40.7,14.5,61.5,28.4,25.9,13.7,422,11.2,20.4,81.3
44.5,29.7,15.1,30,35.2,255,61.5,231,19.3,24.8,13.5
29.2,22.5,4.26,29.4,44.1,22.9,24.1,422,26.9,27.4,17.5
42.6,20.2,52.8,25.9,13,39.6,13.1,362,3.43,45.7,38.2
15,9.56,1,26.2,31.9,11.9,22.1,349,1.36,11.4,104
22.3,12,75.7,12.1,10.4,21.9,10,372,3.34,31.3,37.2
20,9.91,8.9,41,52.8,53.8,19.3,610,1,25,52.3
18.6,2.76,17,25.5,40,96.5,9.65,13.3,20.2,11.8,80.6
26.2,2.39,20.5,42.2,28.1,62.6,11.7,562,2.27,16.3,227
55.7,28.9,12.5,4.45,37.5,30,28.6,429,27.9,17.2,33.4
7.04,5.73,12.1,16,30.2,24.1,85.8,292,10.6,7.77,31.9
18.8,4.78,114,25.3,15.3,120,12.6,445,4.74,15.4,73.7
15.3,7.99,11.5,55.7,26.7,514,53.8,685,14.3,9.56,55.2
14.3,8.9,35.2,21.9,46.1,23.3,57.8,375,18.4,7.37,37.5
172,106,16.7,16.5,22.7,19.5,3.52,1715,11.3,9.31,25
88.2,47.8,87.4,33.1,12.1,500,93.1,1055,2.53,8.2,70.4
13.2,9.14,106,20.2,80.6,400,110,567,31.3,23.9,31.1
8.28,6.26,14.9,14.1,25.3,20.4,26.2,385,14.3,9.31,47.4
17,10.8,11.2,49.1,37.2,4.91,15.3,284,21.3,17.9,86.6
38.2,16.5,6.55,45.3,31.3,113,25.5,1114,16,18.6,120
44.5,10.5,14.3,37.9,36.8,19.3,25.7,764,17.5,20,51.4
30.8,21.5,8.98,26.2,31.1,64.9,44.1,1155,18.1,18.3,27.6
30.5,12.7,17.6,16.8,17.6,163,8.74,441,9.91,16.5,42.2
24.6,14.7,19.8,28.4,44.1,25.5,11.5,319,24.6,39.6,32.2
47.8,25.5,39.2,24.1,53.8,22.1,30,1186,25.3,28.1,38.2
43.3,25,38.2,26.9,19.6,9.47,50,437,3.85,28.6,55.7
18.4,14.9,76.4,25.5,15.4,35.5,3.65,737,4.87,15.5,47.4
21.1,11.7,119,17.2,50,15.5,3.62,514,24.4,15.1,40.7
25.7,17.6,40.3,14.1,12.5,17.9,12.4,365,4.57,28.4,10.6
26.9,7.91,61.5,30.2,13.3,77,55.7,562,2.69,16.7,92.2
29.7,22.1,24.4,12.7,11.3,48.3,22.9,276,3.46,21.5,33.4
28.6,17.6,13.8,7.84,27.6,29.4,25.5,331,14.5,41.4,25.7
8.28,4.14,1.02,32.5,27.6,292,35.2,164,13.8,22.1,63.2
21.9,13.6,17.5,28.9,33.4,104,28.6,337,13.3,11.9,65.5
22.7,5.78,4,59.4,18.3,178,66.1,514,9.82,42.2,51.4
11.9,9.31,57.3,48.3,15.7,93.1,25.3,491,2.86,17.9,65.5
110,69.2,16.8,20.7,16.5,147,35.5,1275,5.73,18.6,13.3
23.3,6.73,12.7,39.6,35.2,75,33.1,737,13.3,14.1,114
56.2,40,20.7,65.5,26.7,276,112,743,15,46.6,141
35.9,20,8.35,19.3,93.1,34.6,19.8,610,1.35,23.7,43.7
26.9,12.6,44.9,14.6,77.7,8.9,10.3,308,46.6,15.8,3.82
43.3,28.6,5.28,80.6,18.4,17.2,18.4,311,8.2,21.3,93.1
39.2,9.73,22.7,28.1,59.9,28.6,19.3,1472,29.7,22.3,50
3.16,1,19.6,17,28.9,85.8,29.7,248,16.3,20.9,89.8
27.9,20.9,3.4,15.1,25.9,22.1,20,379,12.7,21.3,17.2
12.6,11.5,9.06,26.7,31.1,78.4,43.7,483,11.1,23.3,43.7
16.3,10.8,16.4,15.5,27.9,9.91,22.3,491,8.51,4.37,19.1
13.3,4.53,20.7,60.4,25.9,11.4,44.5,28.4,15.8,32.2,195
16.3,10,11.1,33.7,38.5,56.2,16.7,407,15.5,12,88.2
37.2,19.1,16.1,37.2,27.6,146,19.3,325,14.1,22.3,92.2
27.4,16.5,16.1,11.9,24.6,552,76.4,365,13.6,19.3,39.6
19.3,11.5,23.5,36.5,12.6,349,38.9,355,8.58,9.31,93.1
39.6,18.9,67.3,4.1,17.5,149,25,355,4.74,14.5,18.3
93.1,57.3,11.4,22.7,31.9,106,36.5,1046,15,10.8,63.2
31.3,15,11.8,13.8,23.1,316,24.6,828,12.3,2.21,43.7
26.9,16.5,8.9,17,38.5,85.8,31.3,305,23.5,21.1,8.2
52.8,14.1,13.9,17,20.7,365,17.8,1700,10.3,1.35,26.7
51.9,31.6,12.5,28.1,53.3,60.4,41.8,1219,8.58,49.1,50.5
21.5,13.5,62.1,34.6,12.1,15.8,14.3,349,3.46,5.14,84.3
93.1,40.7,93.1,24.1,12.6,12.9,23.1,1794,4.18,20.9,62.6
233,100,14.5,21.7,32.5,39.2,8.9,2458,14.1,15.4,63.8
14.9,8.98,165,21.7,34.3,48.3,42.6,557,8.2,8.66,43.3
19.8,8.9,14.2,25.5,32.8,93.1,22.1,478,20.5,7.57,79.1
14.7,1.22,10.1,15,31.9,28.4,55.7,828,18.9,23.5,10.8
22.9,12.3,10.6,22.1,25.9,328,35.2,253,16.7,30,78.4
31.9,22.9,11.1,49.1,24.1,105,21.5,392,15.8,18.1,90.6
25.9,17.8,26.7,389,13.5,161,44.5,770,4.03,12.9,552
50.5,23.5,39.6,24.6,85.8,120,22.9,717,45.7,61,40.7
31.1,12.7,55.7,12.7,23.3,175,22.3,319,3.65,17.3,60.4
38.9,25.3,71.7,21.1,8.43,22.3,4.22,382,3.52,17.5,50.5
29.2,15.1,15.1,38.9,36.8,14.3,10.3,843,23.1,26.7,117
20.5,10.6,16.4,21.7,36.2,82,23.7,1346,21.7,12.6,61
17,4,70.4,42.2,29.2,32.2,37.2,334,11.4,14.5,92.2
26.2,15.5,22.7,9.31,44.1,126,24.1,594,18.9,7.43,11
43.3,29.2,93.9,86.6,23.9,179,47,331,4.18,29.7,170
127,36.2,14.9,21.9,40,229,36.5,939,16.8,11.7,54.2
28.4,14.7,292,23.5,41.4,91.4,53.8,552,4.96,40.7,18.1
17.6,7.23,20.4,21.7,57.3,215,83.5,538,27.6,41.4,34.9
30,17.5,17.9,164,25.9,45.7,11.9,730,17.2,15.8,179
31.1,17.6,71.7,48.7,15,107,67.9,316,2.05,34,83.5
58.8,4,54.7,31.6,21.7,79.9,26.9,523,5.47,54.2,89
63.8,34.9,9.91,37.9,29.4,22.3,11.2,1946,15.7,5.67,58.8
28.9,14.9,30.8,11.4,39.6,12.2,6.04,470,24.8,14.1,31.9
31.6,5.38,22.1,19.5,32.8,58.3,47.4,457,10.2,29.2,46.6
28.4,14.6,66.1,10.6,14.6,32.2,14.7,244,6.79,17.6,37.9
23.1,2.25,170,20,111,13.6,28.6,302,58.3,13.3,73
106,24.1,200,17.9,49.6,75.7,77,1794,15.4,31.9,42.2
27.4,24.4,6.98,57.3,20.4,110,40.7,359,12,24.8,87.4
16.8,10.4,19.6,17,38.5,244,70.4,470,19.6,21.1,41
12.4,3.96,18.8,35.2,49.6,22.9,3.19,115,32.2,22.1,50.9
10.8,5.19,69.8,19.3,10.1,29.4,26.9,698,4.74,17.8,10.8
33.1,11,14.6,48.7,22.7,21.7,18.6,400,13.5,20.7,77.7
276,126,17.9,30.5,27.9,35.5,50.9,1625,17.6,22.1,74.3
84.3,53.3,15,55.7,26.7,114,26.7,956,12.4,11.2,40.7
12.4,3.55,26.7,20.4,25.5,25.7,37.5,562,10.1,12.6,77
21.9,8.2,23.1,5.42,33.1,89,1.64,414,21.3,13,14.3
35.9,20.9,40,33.7,170,43.3,12.5,403,93.9,15,51.9
102,44.9,47,24.1,69.2,18.9,54.7,1334,28.9,9.14,33.4
19.8,6.55,11.5,46.6,31.1,457,37.2,389,20,2.84,75
81.3,49.6,155,11.4,30.8,31.3,7.04,791,8.51,34.3,1.61
26.2,9.47,79.1,21.5,27.6,253,23.1,334,3.4,6.44,53.3
27.9,3.02,11.8,32.2,38.9,32.5,64.4,207,26.4,16.8,85.1
60.4,29.4,14.7,28.6,19.3,56.7,38.2,717,9.73,25.3,50.9
14.9,5.57,17.5,22.9,33.7,93.9,26.7,615,16.1,33.4,25.9
24.6,12.9,12.2,62.1,14.3,325,239,403,10.6,53.3,85.8
46.6,25.5,28.4,37.5,17.2,96.5,33.1,588,4.7,72.3,94.7
16.4,6.15,15.7,18.4,27.6,63.8,35.2,81.3,15.5,24.4,40
25.9,16.1,14.3,46.1,76.4,90.6,41,396,2,35.2,77
29.2,20,1.79,22.5,36.2,204,66.1,239,1.32,40.7,28.6
9.39,9.14,18.9,56.2,20,19.1,12.7,322,11.1,15.3,92.2
25.9,8.35,5.19,11,35.2,175,32.2,965,23.9,8.35,14.6
41.8,27.1,13.2,17.9,23.9,22.1,18.8,319,10.9,19.8,54.2
9.65,2.76,4.87,18.9,79.1,14.7,23.5,276,1.95,3.43,29.7
30.2,16.4,6.61,23.9,21.7,843,82.8,474,8.06,1,31.1
28.4,18.1,12.6,21.1,36.8,33.4,2.23,302,19.5,39.2,75
45.3,19.1,17.9,23.1,27.9,200,16.7,1252,25.7,4.14,42.9
25.3,17.6,33.7,26.9,71.7,142,3.85,297,34,7.84,82.8
16.3,7.77,3.62,255,6.44,58.3,15.8,685,5.52,11.5,426
33.1,20.9,18.3,33.4,46.6,20.5,22.3,269,18.9,20.4,54.2
16.5,4.57,14.1,19.5,33.4,81.3,16.4,542,18.4,22.3,88.2
33.7,16,8.06,21.1,21.5,14.1,61.5,835,10.4,14.2,12.4
27.9,21.1,41.8,85.1,8.82,59.4,111,297,1.18,15.4,147
10.6,2.21,5.38,24.1,5.38,16.7,9.47,1.95,1.6,18.3,58.8
19.5,1.55,18.6,12.3,34.3,17.3,1,42.9,21.1,24.1,48.3
27.1,20.9,33.7,50,12.1,67.9,23.1,331,3.11,13.6,107
22.7,10.7,59.9,122,20.7,20.5,15.5,407,3.65,23.7,79.9
27.9,15,11.7,36.2,35.9,29.4,10.9,375,22.3,23.9,77
35.5,23.9,11.5,34.9,18.8,32.2,36.8,231,14.1,10.1,52.3
38.5,24.8,22.7,23.1,47.8,445,109,179,21.1,17.6,69.8
13.1,9.82,16.7,33.7,55.2,38.2,24.4,519,28.6,21.1,84.3
22.3,10.4,14.3,30.5,25,6.55,8.74,368,13.7,8.51,59.9
46.6,23.5,22.9,25.9,35.2,16.4,13.2,1241,18.4,13.6,47
37.5,22.3,14.2,16.5,49.1,47.8,50.9,461,22.1,53.3,74.3
44.1,26.2,20.9,19.3,38.2,161,35.5,191,17.6,18.9,8.28
15.7,5.19,38.5,53.8,11.4,20.5,26.9,573,8.9,11.1,66.1
30,11.3,19.3,23.1,47.8,28.1,18.4,743,28.4,18.6,47
28.4,18.1,155,27.4,19.5,122,15,294,3.82,2.44,23.5
18.8,3.11,13.5,6.38,34,111,18.6,496,14.2,7.37,12.3
32.5,17.5,19.6,10.5,46.6,18.9,14.2,316,31.1,12.6,15.8
31.9,20.2,11.7,25.3,29.4,109,22.3,385,17.2,11.4,21.1
25.7,20,27.1,10.2,29.4,130,28.6,359,6.21,11.5,12.7
44.1,11.2,12.6,13.2,17.2,28.1,13.5,2035,7.17,26.2,15
14.5,1.81,10.4,28.6,38.2,389,45.3,204,22.7,4.57,69.2
46.1,28.1,7.91,3.05,20.7,106,40,470,15.8,31.3,9.65
15.3,6.79,38.9,21.5,52.8,53.3,59.9,362,29.4,12.2,43.7
175,96.5,83.5,21.5,23.3,136,18.3,578,3.34,5.88,32.2
46.6,16.7,23.1,12.3,39.2,57.3,10.6,1611,15.3,11.2,37.9
32.5,7.5,20.9,33.7,27.9,11.3,28.1,1310,11.2,15.7,48.3
41.8,11.5,3.02,17.3,18.4,93.9,26.4,692,4.57,5.99,33.1
13.3,5.88,8.28,28.9,43.3,13.7,40.3,403,23.7,12.1,45.7
19.5,7.1,20.2,5.78,57.8,17.3,7.3,418,28.4,30.5,22.1
17.2,5.19,35.9,16,59.9,18.9,31.3,922,25,10.2,40
54.2,42.6,73.7,20.2,6.92,11.3,67.9,343,2.44,8.74,31.1
40.7,4.74,14.9,36.5,31.6,57.3,4.18,505,16.1,21.7,97.3
93.9,56.2,10.3,23.9,18.4,40.3,19.1,1625,10.7,7.57,31.9
17.5,14.1,16.7,13.9,39.6,211,92.2,547,17.5,30.8,38.2
14.9,7.04,2.97,25.7,58.3,23.3,24.1,470,42.6,7.91,51.4
71.7,16.8,16.3,19.8,23.5,17.2,10.6,1894,12,9.14,56.2
30,19.6,12.4,26.4,28.9,163,35.5,250,15.8,25,75
21.7,16.4,17.8,23.9,63.2,16.7,25.7,573,35.2,8.06,55.7
14.2,1.22,7.5,31.6,63.8,8.28,21.3,604,1.19,11.1,50.9
22.9,18.3,20.4,26.9,47,52.3,46.6,292,19.3,13.7,83.5
173,119,77,28.4,13.1,255,40.7,621,6.44,18.4,67.9
9.56,1.89,16.8,26.7,39.6,109,21.5,396,19.6,14.6,57.3
77,19.6,33.7,54.7,31.9,105,18.4,163,8.9,11.8,34.9
61,30.8,25.9,24.8,36.5,19.1,18.9,1252,18.8,16.7,66.7
30.5,10.1,22.3,45.3,34.6,110,38.5,685,18.8,21.3,39.6
16.7,5,5.78,27.9,27.1,25.7,39.6,319,10.3,7.04,47.4
29.7,6.38,51.9,22.3,64.9,38.5,7.04,19.6,32.2,14.9,40.7
17.9,17.6,146,25,41,29.4,9.31,316,15.4,15.3,52.3
28.4,21.9,6.32,15,50,172,21.5,372,1.39,10.6,18.9
37.2,21.3,65.5,23.1,21.9,11.8,8.9,784,3.19,20.9,41
35.5,18.6,13.7,33.7,34.6,33.7,20.7,267,12.9,22.9,47
30.2,27.6,9.91,19.3,16,18.4,33.1,407,9.56,9.39,33.1
33.4,16.3,83.5,15.5,11.5,150,40.3,331,3.65,8.2,20.2
25.5,21.3,30.2,32.2,47.8,20.5,16,284,27.6,24.6,75
19.1,11,71,10.7,18.4,27.1,15.4,302,3.13,9.73,25
27.4,16.4,69.2,13,24.1,112,32.8,528,2.21,14.6,5.57
16.8,2.71,6.92,9.73,19.3,91.4,17.8,552,6.1,14.5,21.5
34.3,21.3,16.7,22.5,38.9,15.5,9.91,313,23.1,17.6,53.3
49.6,18.6,133,26.9,18.8,196,69.8,947,4.57,20.4,59.9
33.4,17.5,5.28,23.3,25,26.7,49.1,478,10.9,9.22,54.2
34.6,25.7,97.3,38.9,19.3,33.4,16.7,359,3.34,15.7,90.6
22.9,13.8,114,30.2,29.7,349,130,359,11,44.9,73
21.5,21.5,14.7,14.9,31.9,82.8,17.2,271,13.6,24.1,38.9
44.9,25.3,9.65,12.7,25.3,53.3,53.3,325,19.3,27.6,21.5
31.1,24.1,7.99,46.6,27.1,21.9,14.1,375,12.1,26.2,64.9
39.6,21.3,11.1,18.1,28.9,40.7,16.1,264,15.8,15.7,27.1
32.5,28.1,9.73,27.4,26.7,14.7,18.1,349,10.3,6.61,57.8
72.3,45.3,10.2,13.2,27.6,26.4,59.4,813,12.1,35.2,39.2
30.5,13.7,48.7,24.8,22.1,6.67,45.3,461,15,15.8,40.7
13.2,6.61,20.5,17.5,23.1,196,20.5,365,17.5,8.9,31.6
24.1,6.21,45.7,39.6,73.7,89.8,35.9,698,40.7,27.9,88.2
70.4,38.5,89,53.3,7.91,101,26.7,552,2.48,17.2,99.1
55.2,29.2,200,18.3,77,28.4,4.66,588,29.4,21.5,91.4
40,27.6,103,28.1,24.4,117,16.3,223,5.94,12.3,50
14.1,2.11,80.6,30.2,22.7,37.5,18.3,23.9,2.21,22.3,47
34.9,11.7,77,22.1,14.5,11.4,10.8,193,3.34,15.8,53.8
22.5,9.56,18.4,17.6,31.1,88.2,37.2,557,16.1,16.4,32.2
34,15.4,17.9,44.1,37.9,15.4,8.13,392,22.7,14.5,66.7
29.2,19.1,17.8,14.6,36.2,64.4,20.7,382,22.1,12.2,40.3
33.4,9.47,13.6,8.43,44.1,15.4,55.2,1104,26.9,11.2,14.3
38.5,19.5,8.9,35.5,27.9,21.7,20.2,396,2.62,15.3,57.3
25.5,17.5,75,7.23,8.43,73.7,6.85,195,1.76,14.2,2.97
24.6,12.6,75.7,1.53,19.3,66.7,11.1,355,1.53,34,13.1
44.5,34.3,82.8,33.1,16,47.4,12.9,237,5.67,22.7,95.6
106,13.2,13.5,19.3,35.9,16.3,33.7,400,17,18.4,36.5
36.2,20.2,3.02,26.2,22.9,43.3,27.1,328,12.2,22.9,91.4
77.7,43.7,15.8,41.4,22.7,83.5,14.5,1219,11.9,18.3,70.4
32.2,13.2,9.14,29.4,35.9,188,74.3,259,20.9,27.1,73.7
45.7,26.4,11.9,107,21.7,138,75,403,14.6,45.7,142
39.2,4.41,9.65,13.3,28.9,271,71,982,20.7,33.7,34
26.9,7.99,11.8,35.2,25,92.2,64.4,632,14.5,25.5,82.8
10.5,9.22,75.7,23.9,12.9,70.4,4.07,334,6.04,14.1,53.8
10.6,3.75,10.9,43.3,18.9,170,28.4,389,11.2,26.7,62.6
87.4,56.2,102,22.7,22.3,204,33.7,578,5.62,14.3,42.6
42.9,16.7,40.3,11.7,19.3,32.2,24.1,483,4.18,23.7,25.9
46.1,27.4,36.2,32.2,13.2,47.4,28.4,470,5.28,42.2,50.5
18.1,19.5,163,5.38,28.1,102,15.4,407,11.2,8.28,8.66
20.7,12.7,12,22.1,35.2,145,26.2,334,15.7,20.9,31.9
25.9,7.43,14.7,22.5,44.1,32.5,26.9,655,17.9,15.7,31.9
12.3,2.81,13,21.7,26.4,16,22.5,757,8.35,21.7,43.3
37.9,19.6,5.14,34.9,3.82,6.21,1,352,1,25.9,56.2
19.1,9.56,87.4,34.9,25.3,21.7,13.9,483,1.55,13.5,47.8
21.9,5.52,10.3,22.3,26.4,31.6,29.4,334,14.2,10,14.3
16.8,10.3,50.5,23.5,12.1,14.5,14.1,478,5.09,31.3,31.6
45.7,9.65,61,19.1,13.9,100,19.8,939,2.09,19.6,58.8
25,16.3,36.8,20.2,27.4,37.9,16.3,264,11,16,34
73.7,44.9,95.6,32.8,21.5,131,16.4,308,1.63,31.6,37.9
49.6,14.7,19.5,21.7,58.3,51.4,18.6,1186,26.2,26.7,31.6
57.3,17,101,50,18.1,78.4,32.8,1114,6.32,42.2,102
66.1,47.4,5.14,14.5,35.9,65.5,37.9,264,18.3,28.9,25.3
65.5,45.7,21.1,44.9,49.6,276,76.4,403,27.1,29.2,14.7
21.5,7.84,9.31,20.7,16.4,18.3,14.9,1155,6.32,12.1,41.4
23.5,14.6,14.3,8.98,38.5,39.6,26.9,368,19.5,19.1,20.7
28.4,8.74,34.6,26.2,21.3,20.2,11.3,407,8.58,19.6,15.5
22.7,7.3,60.4,34.9,15.3,20,15,973,3.08,17,56.2
31.6,15.8,18.3,23.9,19.5,21.1,32.5,271,5.94,12.7,23.5
47.4,25.3,8.9,14.1,23.1,82,23.9,1134,20.2,50.5,73.7
41.4,14.5,21.5,20.7,28.1,27.4,12.5,1407,22.3,21.7,55.2
17.8,4.14,19.5,21.3,59.9,89.8,27.1,372,43.7,17.9,32.2
110,59.9,98.2,38.5,13.9,133,37.2,1358,2.74,20.4,65.5
20.2,12.4,11.2,47.4,31.1,66.7,27.9,414,16.7,17.8,28.6
18.9,4.7,3.55,16.5,91.4,23.7,4.14,7.43,1.68,20.2,28.9
27.4,16,20.5,15.8,34.9,300,42.9,284,19.5,13.7,25.5
16.8,7.77,6.79,25.3,26.7,82,24.6,426,16.5,17.5,37.2
52.8,29.2,189,28.6,25.7,300,40.3,626,7.7,2.67,79.9
30.5,20.2,16.3,15.5,24.6,202,24.6,379,12.1,1.06,43.3
21.3,10.6,54.7,20.7,9.91,20,11,453,4,23.9,36.2
39.2,10.9,136,40,21.5,22.7,14.2,362,4.07,18.9,77.7
11.3,9.73,8.13,24.4,25.9,35.5,10.8,337,12.5,37.2,89
20.5,13,1,26.7,13.9,124,24.4,284,3.4,9.47,114
31.3,17.6,34.9,22.1,21.9,8.74,14.2,362,5.83,5.78,63.8
73.7,15.7,19.1,11.1,82.8,100,26.7,519,30.5,23.5,37.2
14.5,6.67,6.61,44.5,35.2,11.8,20.7,422,24.8,24.1,75
15.8,8.51,21.5,21.9,56.7,95.6,32.2,343,25.7,12.7,68.5
29.4,14.1,16.5,12.1,26.4,36.5,17,392,15.7,25.3,23.1
49.1,24.1,54.7,32.8,11.7,16.4,25.7,806,6.32,16.3,55.2
23.5,8.28,89.8,8.06,29.7,19.5,69.8,542,11,4.91,12.6
11.1,5.33,149,79.9,42.2,17,5.23,422,7.57,15.4,102
29.7,24.1,67.9,28.9,16.1,24.6,10.4,274,10.3,25.7,79.9
25.3,12,34.9,31.1,66.1,67.3,28.6,178,33.1,22.5,83.5
33.4,20.2,82,40.7,7.17,14.2,4.1,239,3.96,16.8,80.6
1.7,4.57,34.3,46.1,153,153,18.6,113,106,19.6,58.3
30.5,12.9,9.47,27.9,19.3,52.8,11.2,271,12.2,32.8,61
82.8,44.1,15.4,15,21.9,17.5,5.42,1176,8.43,16.5,50.9
22.5,9.47,17.8,16.7,51.4,106,40,429,33.1,21.9,15.3
24.4,12.3,17.6,24.6,37.9,145,14.3,453,26.2,10.1,49.1
41.8,22.5,18.8,24.6,44.9,59.4,20.7,407,21.1,24.8,42.9
27.4,15.5,92.2,30.8,24.1,9.73,64.4,523,7.84,48.7,57.3
33.1,15.3,79.1,40.7,20,426,73,334,3.02,19.6,14.5
79.9,43.7,8.74,19.3,24.6,15.8,1.3,1731,12.1,16.5,89.8
69.2,17.3,86.6,17.6,30.5,179,61.5,717,2.04,24.8,58.8
40.7,20.7,19.3,110,40,496,84.3,410,20.2,23.5,139
13,4.22,20.9,18.4,36.5,9.73,38.9,241,16.3,3.25,36.5
23.1,10.5,73.7,19.5,10.9,322,51.9,365,3.79,25.9,18.8
23.7,10.1,27.1,15.1,53.8,85.8,21.3,414,21.9,10.8,35.9
21.5,11.5,86.6,19.6,11.1,106,27.1,294,2.02,22.3,36.8
14.1,7.77,12.9,27.6,39.6,53.8,16,331,18.6,77,62.6
30.8,16.4,19.5,28.4,32.2,108,44.9,213,18.9,16.3,52.8
20.7,10.8,32.8,24.4,61,124,41,331,27.9,23.3,51.9
26.7,15.7,6.21,19.8,101,139,49.6,294,1,18.9,8.43
24.8,9.39,32.8,16.7,41.4,81.3,13.3,328,24.8,14.7,37.2
28.1,13.6,59.4,37.2,26.4,40,21.5,359,12.2,21.3,69.2
29.2,16.8,191,16,47,392,113,355,12,23.7,24.6
11.1,4.03,15.4,20.5,37.9,64.9,42.9,400,29.2,18.4,42.9
13,5.99,13.7,18.6,36.8,25,9.56,311,21.9,17.2,84.3
44.1,29.7,10.8,36.8,27.4,36.2,12.7,257,16.3,28.9,48.3
41,27.4,82.8,12.6,12.5,13.2,47,346,2.53,3.96,31.1
37.2,18.8,54.7,31.1,33.1,27.9,27.9,573,1.88,22.1,37.5
12.1,8.35,22.5,20.2,35.9,122,26.9,418,19.6,14.5,27.6
78.4,54.2,10.6,13.7,18.8,12.7,48.3,1230,8.13,6.32,37.9
88.2,51.9,20.4,55.7,42.2,70.4,85.1,649,23.1,39.6,150
32.8,16.8,41.8,22.5,14.9,21.7,14.3,365,9.31,15.4,51.4
33.7,29.4,59.4,19.1,58.8,23.1,5.94,271,30.5,22.1,38.5
621,316,9.73,37.2,30.8,81.3,39.2,1472,18.1,37.9,63.2
30.2,13.1,239,19.8,30,20,7.1,851,5.94,25,26.9
19.8,9.39,25.7,14.7,39.2,85.8,8.58,505,20.5,8.9,26.9
126,20.7,264,17.3,52.8,34.9,26.7,150,12.5,32.5,61
37.2,22.5,38.2,23.5,55.2,54.7,2.5,300,33.7,37.2,51.9
26.7,22.1,47.8,14.5,48.7,100,15.8,204,23.3,17,34.6
26.4,15.5,343,28.4,54.7,44.9,12.5,267,7.84,30.5,97.3
15.5,6.15,9.91,21.1,18.9,137,4.29,1446,11.3,1,6.26
39.6,10.3,12.1,36.2,66.1,429,40.3,85.1,23.3,4.26,17.5
71.7,47,113,3.96,50.5,37.9,9.56,1144,25.9,38.2,2.74
16.5,5.67,121,28.6,38.5,84.3,29.7,491,5.38,26.7,48.3
15.8,8.06,19.3,38.5,26.4,14.2,9.73,407,17.2,20,53.8
24.8,9.31,204,20.7,33.7,14.5,8.13,414,3.49,14.7,62.1
20,18.4,6.55,26.2,18.4,92.2,24.8,599,11.5,4.96,61.5
14.1,12.9,26.2,37.5,47,155,21.7,375,23.1,61,62.6
32.8,17,1.95,37.9,44.5,47,8.98,255,2.69,10.6,103
19.5,6.44,7.99,9.39,20,18.6,2.44,331,8.58,23.1,40.7
27.4,14.2,10.4,27.9,24.6,141,31.9,337,11.2,11,107
30,19.1,71.7,55.2,15.7,16.5,10.4,286,4.26,18.4,106
90.6,15.7,23.5,28.4,43.3,13.8,17.3,991,26.7,20.7,41
239,153,13.9,11,41.4,8.66,34.6,704,32.5,14.2,18.9
12.9,9.47,10.1,23.5,36.2,22.3,4.03,331,13.6,25.5,35.2
18.1,12.2,3.37,17.3,93.9,111,51.4,400,2.15,13.8,39.6
29.2,3.59,7.37,6.73,39.6,55.7,8.2,649,19.5,7.23,17
12.1,5.88,7.3,31.3,20.5,36.2,88.2,382,8.06,9.82,92.2
13.6,8.43,18.4,18.9,37.9,28.9,4.83,661,15.8,16.7,25.5
26.7,20.9,30,28.6,22.7,19.3,6.98,382,11.1,20.5,63.8
27.1,22.7,12.7,44.5,40,157,12.1,445,17.9,12.7,22.5
5.19,5.23,23.5,14.3,24.6,167,36.5,519,15.7,18.9,38.9
20.5,13.2,12.9,6.79,35.2,164,47.8,547,15.1,17.8,20.5
51.9,23.3,60.4,40.7,12.3,16,24.1,1084,4.41,21.9,89.8
107,75.7,30.2,69.2,35.9,77,5.52,562,19.3,13.6,109
52.3,31.1,5.67,25,49.1,109,31.6,947,28.4,59.4,62.1
25.7,15.8,17.8,19.5,34.3,93.9,31.9,352,27.4,21.9,37.5
21.7,11.8,10.8,22.3,20.9,359,62.6,461,13.3,36.5,64.4
33.1,16.8,16.8,24.8,30.5,79.1,42.2,1346,12,16.7,30
14.3,10.3,62.1,16.1,98.2,47.4,10.5,1046,36.8,36.8,35.2
21.3,8.43,29.7,15.5,40,70.4,40.3,250,23.7,13.6,60.4
34.6,10.6,32.5,31.6,59.4,246,78.4,461,37.2,21.9,34.9
10.9,7.37,33.1,34.6,50.9,33.7,37.5,407,31.3,7.04,47.4
16.8,12.3,29.7,29.2,11.5,40.3,38.5,461,6.85,17.6,18.1
32.8,18.1,4.83,32.5,28.9,50.9,22.3,352,8.06,12.4,52.3
22.3,13.1,92.2,24.6,39.6,123,37.9,365,11.4,38.5,66.1
21.1,17.9,15.3,29.2,23.5,17,13.7,346,11,13.5,18.6
12.6,2.19,26.9,23.3,21.7,27.9,48.3,63.8,8.66,12.4,38.9
76.4,55.2,8.2,16.7,28.6,7.43,27.6,784,16,5.62,92.2
43.3,17.9,34.3,56.7,31.1,41,47.8,1155,11.4,51.9,139
32.2,24.8,23.5,36.5,18.1,113,17.6,319,3.85,3.75,92.2
31.9,4.22,54.7,30.5,18.8,89.8,33.4,813,1.58,19.3,78.4
33.7,16.8,136,23.7,41.8,30,7.43,223,4.26,28.4,23.9
51.9,26.9,84.3,30.8,22.5,21.5,6.1,1526,1.78,20.2,92.2
12.6,6.26,11.2,28.1,27.6,135,25.9,429,17.6,12.1,35.9
34,16.3,6.32,18.1,20.9,16.4,3.37,355,9.91,23.7,64.4
17.8,8.43,83.5,28.1,47.8,79.9,33.4,594,29.7,13.2,82
34,23.3,4.37,20.4,27.4,15.7,16.4,319,11.1,25.5,55.2
24.8,15.4,30,26.2,89.8,105,22.7,382,33.1,22.5,39.2
28.1,11,26.4,33.4,23.3,55.2,17.8,679,11.5,48.7,66.1
27.1,9.82,53.8,23.9,27.4,35.5,8.28,441,9.73,24.8,62.6
38.5,22.3,71,15,9.39,67.9,7.17,292,1.47,12.9,53.8
36.5,15.4,20,15.5,77,26.4,14.6,217,35.5,25.9,17.5
45.7,23.7,10.2,24.1,20.7,86.6,20,1027,10.7,7.57,53.3
25.3,15.8,21.5,17,39.6,26.7,44.1,583,17.8,9.82,33.1
35.5,20.5,31.6,25.9,46.1,104,37.5,308,23.3,24.8,71.7
22.5,13.6,12.9,16.7,34.3,95.6,34.6,322,24.1,18.9,29.4
21.3,8.43,24.1,24.4,37.5,7.5,15.5,429,24.6,8.43,62.1
36.8,12.3,9.47,20.7,85.1,77.7,23.5,679,1,15.7,48.7
18.1,8.9,12.5,18.4,39.2,52.8,23.5,491,18.4,49.6,50.9
31.1,7.23,20,4.37,46.1,41,17.9,1486,18.8,11.9,13
20.5,9.65,68.5,25.7,40.7,17.6,15.5,418,4.18,24.1,50.5
25.5,20.2,14.2,15.8,32.8,47.8,61.5,274,10,15.3,38.5
54.7,28.9,8.82,44.1,34.6,85.8,20,441,24.4,7.99,42.2
35.5,21.5,15.1,32.8,27.1,97.3,25.9,349,15.3,30.5,104
42.2,27.1,33.7,53.8,47,85.1,31.3,267,4.61,25,110
31.9,24.6,14.6,26.9,40.7,80.6,18.6,269,18.6,17.8,34
21.1,6.79,17,39.2,36.5,16,38.5,466,22.9,15,91.4
17.3,4.87,69.8,37.5,16.5,21.9,13.7,523,3.55,4.03,35.5
76.4,33.1,9.22,14.1,26.9,115,37.5,1346,14.5,28.4,55.2
3555,2571,24.4,16.4,36.2,41,5.19,4491,14.6,18.6,37.5
25.9,16.4,21.1,22.9,38.5,28.6,4.78,392,28.9,26.7,42.2
71,42.2,105,35.2,19.1,115,10.8,704,2.41,24.6,49.1
32.2,9.47,40,25.9,55.7,16,19.3,704,30.5,17.6,67.9
23.3,7.3,20.2,39.6,50.5,14.1,16,168,31.3,18.9,59.4
31.6,10.5,5.99,21.9,21.3,64.9,27.4,300,8.06,25.5,34.3
49.6,41.4,12.3,41,41,193,65.5,331,24.4,70.4,164
26.4,16.4,19.1,8.82,40.7,12.9,4.53,155,25.9,24.1,36.5
14.3,1.54,58.8,32.8,35.5,118,10.3,610,2.69,1,48.7
22.5,11.4,3.49,32.2,20.4,89,16.1,478,10.7,22.5,76.4
86.6,47,14.5,20.5,36.8,85.8,26.4,470,21.9,28.4,25.7
111,65.5,4.74,13.7,98.2,15.7,13.2,2091,1,19.5,12
30,10.9,15,18.8,27.9,41,6.38,441,16.5,19.1,112
12.5,5.42,1,55.7,15.8,96.5,13.3,449,5.99,26.9,82
36.2,19.3,10.9,18.1,40.7,26.4,8.98,528,30.5,16.3,47
31.1,19.6,12.4,21.7,26.4,79.1,20.5,250,20.7,26.2,59.9
9.56,6.73,39.2,12.2,80.6,25.9,33.1,343,39.6,3.82,31.1
39.2,20.9,7.57,20,28.1,7.57,14.3,302,10.8,3.89,37.5
24.6,16,31.1,16.8,33.1,37.2,18.3,297,19.1,49.6,55.7
19.6,8.51,16.3,17.8,28.6,103,35.5,289,11.1,27.9,8.43
55.7,24.6,34,18.8,76.4,33.4,44.5,1512,34.3,13,59.4
28.1,10.6,57.8,30.5,23.5,117,55.7,806,2.5,33.1,69.8
43.7,26.4,10.4,15.5,26.2,63.8,29.4,649,11.2,15,40.3
28.9,14.6,4.03,9.82,20.9,47.4,66.1,300,11.3,32.8,38.9
14.2,6.49,16.1,23.5,25.9,155,41.4,449,15.4,31.3,31.3
37.5,7.17,97.3,17.2,21.1,24.8,17.6,63.2,2.71,24.4,72.3
18.6,11.5,13.8,15.5,14.9,167,36.2,414,12.4,16.8,48.3
13.9,7.84,71.7,10.3,13.9,51.4,24.8,505,5.78,63.2,18.6
14.5,5.28,9.06,13.7,25.5,14.2,25.9,34,10.2,20,54.2
34,26.4,63.2,13.6,18.9,176,59.9,284,1.37,107,33.4
59.4,26.4,2.27,16.4,22.1,7.99,12.6,1208,14.5,6.1,37.2
25,22.5,5.33,16.4,24.1,24.6,7.3,319,4.1,17.6,43.3
12.2,3.65,22.9,32.2,36.8,34.3,3.79,119,21.1,7.99,64.9
32.5,17.5,34.6,38.2,45.7,149,21.9,286,24.4,11.7,78.4
20.5,10.8,79.1,13.5,40.7,30.2,12.7,375,4.57,18.6,38.2
27.6,2.71,13.9,15,38.2,135,34.9,638,18.6,13.9,20.5
37.5,18.6,32.5,46.1,42.6,19.6,22.1,346,24.1,24.6,54.2
32.2,18.3,24.6,18.8,23.3,30.8,4.37,316,8.2,16.4,45.3
132,71.7,22.3,21.3,54.7,20.4,10.1,599,37.9,16.1,41
39.6,17.5,1.64,27.9,24.4,17,15.5,311,8.66,13.9,46.1
14.9,6.61,12.2,20.9,29.4,33.1,9.56,505,12.7,6.61,22.3
13.6,6.61,39.2,12.3,8.82,73.7,28.4,322,2.79,18.1,14.2
39.6,9.22,22.1,30.2,42.2,83.5,58.8,737,28.6,14.6,47.8
21.5,9.65,22.9,11.1,89,17.8,8.13,519,43.7,23.9,33.7
17.2,4.57,18.4,26.2,27.9,19.5,46.1,655,12.6,4.03,72.3
32.2,21.7,66.7,22.7,24.4,118,24.4,319,7.43,17.5,50.9
22.5,9.22,95.6,58.8,25.9,331,118,183,4.49,167,126
43.7,4.83,16.3,17.2,45.3,59.4,13.2,777,34.3,26.7,35.2
17.3,8.43,107,16,25.7,18.4,11.7,441,8.43,17.5,26.4
66.7,42.9,25.3,44.5,48.3,188,34.9,1114,19.1,16.4,69.8
29.4,12.6,12.7,17.2,38.9,88.2,15,284,18.3,17.6,24.1
39.6,20.5,5.88,14.5,22.5,195,38.9,176,11,10.8,4.87
21.9,7.5,62.1,24.1,13.2,20.5,31.6,461,4.29,8.35,56.7
25,15.4,14.2,26.4,19.3,55.7,15.3,457,7.7,16.4,15.4
14.2,5.42,18.4,23.5,26.4,73.7,12.5,519,17,10.4,46.1
28.1,17.5,11.2,18.1,34.6,79.1,15.4,365,22.7,18.3,41
43.7,20.4,22.9,30.5,24.8,126,27.6,300,14.2,14.2,41.4
28.4,14.2,94.7,33.7,30,14.5,10.2,229,5.42,12.2,65.5
71,41.4,17.6,34,42.6,491,42.9,638,28.4,1,60.4
35.5,20.9,62.6,20.7,14.2,56.2,33.7,414,3.02,65.5,77
100,51.4,17.8,23.7,54.7,118,10.9,1334,22.9,1,63.8
23.5,14.3,9.73,38.2,27.6,27.6,86.6,474,24.8,28.1,104
42.2,24.4,18.8,38.9,10.9,62.1,19.3,349,4.03,36.5,70.4
25.3,14.9,20.7,79.1,42.2,21.3,17,279,18.8,24.1,77.7
26.2,12.4,29.7,28.6,74.3,150,53.3,496,33.4,16.5,78.4
39.6,18.6,6.61,36.5,38.2,28.1,14.3,274,27.1,21.1,19.8
37.9,24.4,77,26.9,14.7,21.5,10.7,316,3.89,20.5,56.2
72.3,46.6,79.1,231,92.2,441,63.2,269,51.9,15,322
75,46.1,16.4,21.3,39.6,56.7,35.9,359,25.9,17.5,46.6
45.3,18.8,14.2,20.5,26.2,18.8,20,743,14.9,24.8,33.4
40.7,31.9,41.8,33.4,66.1,77.7,26.7,294,28.4,12.6,93.1
25.3,12.7,62.6,49.1,12.3,11.9,25.3,259,3.43,15.7,111
18.4,3.62,20,17,35.5,47,64.4,437,27.4,30.8,33.4
41.8,18.9,11.4,28.9,21.3,22.9,4.66,509,13.3,26.7,33.1
29.4,15.4,73,15.7,34.9,59.4,85.8,449,13.1,34,50
8.58,1.29,17.6,20.7,38.2,20.4,13.2,334,20.7,18.8,52.8
34.9,17.3,12.7,33.4,17,21.5,63.2,372,11.7,14.2,90.6
31.9,21.1,89,15.8,38.2,104,19.5,229,7.43,20.7,86.6
20.5,7.99,11.4,22.5,43.3,20.2,23.7,578,22.7,16.1,40.3
52.3,36.5,15.1,10.3,36.2,262,61.5,305,23.1,29.2,18.8
15.8,4.74,2.13,13.9,36.8,20.9,16.1,63.2,33.1,19.8,13.7
18.8,5.67,51.9,83.5,19.1,16.5,7.91,35.9,1.1,17.5,60.4
29.4,10.8,59.4,23.7,90.6,400,47.8,523,46.1,1.72,70.4
39.6,24.1,127,3.62,15.7,25.3,16.4,334,6.92,19.5,27.9
29.2,23.1,55.2,31.3,28.6,106,30.5,253,1.65,15,47.8
41.4,21.3,29.2,25.9,52.8,35.5,6.15,626,23.3,26.4,29.4
173,91.4,16.7,24.4,20,17.8,12.6,858,9.73,18.6,86.6
18.4,7.1,18.4,105,25.7,64.4,36.2,422,16.8,23.5,126
35.5,18.4,15.1,26.9,23.3,13.5,3.11,319,10.6,15.4,54.2
17,8.28,34,13.8,10.6,200,25.3,542,9.31,9.56,34.6
38.5,11.2,17,22.3,19.3,24.1,22.1,649,8.74,16,62.1
20.2,5.47,168,22.1,48.7,21.9,10.1,939,18.4,27.6,60.4
32.2,6.79,14.1,23.1,28.4,61,21.3,723,9.82,18.4,84.3
13.2,7.04,41.4,22.1,10.7,106,16.1,757,5.05,10.8,43.3
27.6,10.1,10.6,28.4,31.1,198,30,426,18.1,30.8,66.1
31.3,7.91,84.3,13.2,30,12.7,32.5,385,15.5,22.3,25.5
51.4,28.9,7.5,12.6,17.3,17.8,48.3,799,10.6,12.3,32.8
31.6,17.3,16.8,49.6,44.9,16.1,28.1,649,20.9,6.1,19.5
99.1,62.6,25.3,22.1,38.2,27.1,15.4,2072,19.3,17.6,46.6
43.3,24.8,82.8,11.7,28.6,207,52.8,410,1.76,89,41.4
15.8,8.28,8.28,27.6,29.7,67.9,12.3,562,21.9,21.5,42.2
23.1,15.3,50.9,21.7,35.5,6.49,34.3,319,11.9,9.56,62.1
5.62,5.28,5.23,32.2,22.9,13.2,50.9,239,14.5,10.2,103
25,21.5,27.1,23.7,83.5,60.4,44.5,289,32.2,24.8,77.7
20,6.1,9.65,15,36.8,120,22.3,478,20.9,8.51,46.6
